"Date Time, GMT-05:00",#,"Total: Motor on, Time on (sec) (LGR S/N: 20133267)"
2020-12-08 14:00:00,30.5,3540.0
2020-12-08 15:00:00,90.5,3600.0
2020-12-08 16:00:00,150.5,3600.0
2020-12-08 17:00:00,210.5,3600.0
2020-12-08 18:00:00,270.5,280.0
2020-12-08 19:00:00,330.5,0.0
2020-12-08 20:00:00,390.5,0.0
2020-12-08 21:00:00,450.5,0.0
2020-12-08 22:00:00,510.5,0.0
2020-12-08 23:00:00,570.5,0.0
2020-12-09 00:00:00,630.5,0.0
2020-12-09 01:00:00,690.5,0.0
2020-12-09 02:00:00,750.5,0.0
2020-12-09 03:00:00,810.5,0.0
2020-12-09 04:00:00,870.5,0.0
2020-12-09 05:00:00,930.5,335.0
2020-12-09 06:00:00,990.5,3600.0
2020-12-09 07:00:00,1050.5,3600.0
2020-12-09 08:00:00,1110.5,3600.0
2020-12-09 09:00:00,1170.5,3600.0
2020-12-09 10:00:00,1230.5,3600.0
2020-12-09 11:00:00,1290.5,3600.0
2020-12-09 12:00:00,1350.5,3600.0
2020-12-09 13:00:00,1410.5,3600.0
2020-12-09 14:00:00,1470.5,3600.0
2020-12-09 15:00:00,1530.5,3600.0
2020-12-09 16:00:00,1590.5,3600.0
2020-12-09 17:00:00,1650.5,3600.0
2020-12-09 18:00:00,1710.5,167.0
2020-12-09 19:00:00,1770.5,0.0
2020-12-09 20:00:00,1830.5,0.0
2020-12-09 21:00:00,1890.5,0.0
2020-12-09 22:00:00,1950.5,0.0
2020-12-09 23:00:00,2010.5,0.0
2020-12-10 00:00:00,2070.5,0.0
2020-12-10 01:00:00,2130.5,0.0
2020-12-10 02:00:00,2190.5,0.0
2020-12-10 03:00:00,2250.5,0.0
2020-12-10 04:00:00,2310.5,0.0
2020-12-10 05:00:00,2370.5,0.0
2020-12-10 06:00:00,2430.5,2527.0
2020-12-10 07:00:00,2490.5,3600.0
2020-12-10 08:00:00,2550.5,3600.0
2020-12-10 09:00:00,2610.5,3600.0
2020-12-10 10:00:00,2670.5,3600.0
2020-12-10 11:00:00,2730.5,3600.0
2020-12-10 12:00:00,2790.5,3600.0
2020-12-10 13:00:00,2850.5,3600.0
2020-12-10 14:00:00,2910.5,3600.0
2020-12-10 15:00:00,2970.5,3600.0
2020-12-10 16:00:00,3030.5,3600.0
2020-12-10 17:00:00,3090.5,3600.0
2020-12-10 18:00:00,3150.5,886.0
2020-12-10 19:00:00,3210.5,0.0
2020-12-10 20:00:00,3270.5,0.0
2020-12-10 21:00:00,3330.5,0.0
2020-12-10 22:00:00,3390.5,0.0
2020-12-10 23:00:00,3450.5,0.0
2020-12-11 00:00:00,3510.5,0.0
2020-12-11 01:00:00,3570.5,0.0
2020-12-11 02:00:00,3630.5,0.0
2020-12-11 03:00:00,3690.5,0.0
2020-12-11 04:00:00,3750.5,0.0
2020-12-11 05:00:00,3810.5,282.0
2020-12-11 06:00:00,3870.5,3600.0
2020-12-11 07:00:00,3930.5,3600.0
2020-12-11 08:00:00,3990.5,3600.0
2020-12-11 09:00:00,4050.5,3600.0
2020-12-11 10:00:00,4110.5,3600.0
2020-12-11 11:00:00,4170.5,3600.0
2020-12-11 12:00:00,4230.5,3600.0
2020-12-11 13:00:00,4290.5,3600.0
2020-12-11 14:00:00,4350.5,3600.0
2020-12-11 15:00:00,4410.5,3600.0
2020-12-11 16:00:00,4470.5,3600.0
2020-12-11 17:00:00,4530.5,3600.0
2020-12-11 18:00:00,4590.5,2489.0
2020-12-11 19:00:00,4650.5,0.0
2020-12-11 20:00:00,4710.5,0.0
2020-12-11 21:00:00,4770.5,0.0
2020-12-11 22:00:00,4830.5,0.0
2020-12-11 23:00:00,4890.5,0.0
2020-12-12 00:00:00,4950.5,0.0
2020-12-12 01:00:00,5010.5,0.0
2020-12-12 02:00:00,5070.5,0.0
2020-12-12 03:00:00,5130.5,0.0
2020-12-12 04:00:00,5190.5,0.0
2020-12-12 05:00:00,5250.5,0.0
2020-12-12 06:00:00,5310.5,0.0
2020-12-12 07:00:00,5370.5,0.0
2020-12-12 08:00:00,5430.5,0.0
2020-12-12 09:00:00,5490.5,0.0
2020-12-12 10:00:00,5550.5,0.0
2020-12-12 11:00:00,5610.5,0.0
2020-12-12 12:00:00,5670.5,0.0
2020-12-12 13:00:00,5730.5,0.0
2020-12-12 14:00:00,5790.5,0.0
2020-12-12 15:00:00,5850.5,0.0
2020-12-12 16:00:00,5910.5,0.0
2020-12-12 17:00:00,5970.5,0.0
2020-12-12 18:00:00,6030.5,0.0
2020-12-12 19:00:00,6090.5,0.0
2020-12-12 20:00:00,6150.5,0.0
2020-12-12 21:00:00,6210.5,0.0
2020-12-12 22:00:00,6270.5,0.0
2020-12-12 23:00:00,6330.5,0.0
2020-12-13 00:00:00,6390.5,0.0
2020-12-13 01:00:00,6450.5,0.0
2020-12-13 02:00:00,6510.5,0.0
2020-12-13 03:00:00,6570.5,0.0
2020-12-13 04:00:00,6630.5,0.0
2020-12-13 05:00:00,6690.5,0.0
2020-12-13 06:00:00,6750.5,0.0
2020-12-13 07:00:00,6810.5,0.0
2020-12-13 08:00:00,6870.5,0.0
2020-12-13 09:00:00,6930.5,0.0
2020-12-13 10:00:00,6990.5,0.0
2020-12-13 11:00:00,7050.5,0.0
2020-12-13 12:00:00,7110.5,0.0
2020-12-13 13:00:00,7170.5,0.0
2020-12-13 14:00:00,7230.5,0.0
2020-12-13 15:00:00,7290.5,0.0
2020-12-13 16:00:00,7350.5,0.0
2020-12-13 17:00:00,7410.5,0.0
2020-12-13 18:00:00,7470.5,0.0
2020-12-13 19:00:00,7530.5,0.0
2020-12-13 20:00:00,7590.5,0.0
2020-12-13 21:00:00,7650.5,0.0
2020-12-13 22:00:00,7710.5,0.0
2020-12-13 23:00:00,7770.5,0.0
2020-12-14 00:00:00,7830.5,0.0
2020-12-14 01:00:00,7890.5,0.0
2020-12-14 02:00:00,7950.5,0.0
2020-12-14 03:00:00,8010.5,0.0
2020-12-14 04:00:00,8070.5,0.0
2020-12-14 05:00:00,8130.5,0.0
2020-12-14 06:00:00,8190.5,2790.0
2020-12-14 07:00:00,8250.5,3600.0
2020-12-14 08:00:00,8310.5,3600.0
2020-12-14 09:00:00,8370.5,3600.0
2020-12-14 10:00:00,8430.5,3600.0
2020-12-14 11:00:00,8490.5,3600.0
2020-12-14 12:00:00,8550.5,3600.0
2020-12-14 13:00:00,8610.5,3600.0
2020-12-14 14:00:00,8670.5,3600.0
2020-12-14 15:00:00,8730.5,3600.0
2020-12-14 16:00:00,8790.5,3600.0
2020-12-14 17:00:00,8850.5,3384.0
2020-12-14 18:00:00,8910.5,0.0
2020-12-14 19:00:00,8970.5,0.0
2020-12-14 20:00:00,9030.5,0.0
2020-12-14 21:00:00,9090.5,0.0
2020-12-14 22:00:00,9150.5,0.0
2020-12-14 23:00:00,9210.5,0.0
2020-12-15 00:00:00,9270.5,0.0
2020-12-15 01:00:00,9330.5,0.0
2020-12-15 02:00:00,9390.5,0.0
2020-12-15 03:00:00,9450.5,0.0
2020-12-15 04:00:00,9510.5,0.0
2020-12-15 05:00:00,9570.5,0.0
2020-12-15 06:00:00,9630.5,1194.0
2020-12-15 07:00:00,9690.5,3600.0
2020-12-15 08:00:00,9750.5,3600.0
2020-12-15 09:00:00,9810.5,3600.0
2020-12-15 10:00:00,9870.5,3600.0
2020-12-15 11:00:00,9930.5,3600.0
2020-12-15 12:00:00,9990.5,3600.0
2020-12-15 13:00:00,10050.5,3600.0
2020-12-15 14:00:00,10110.5,3600.0
2020-12-15 15:00:00,10170.5,3600.0
2020-12-15 16:00:00,10230.5,3600.0
2020-12-15 17:00:00,10290.5,3600.0
2020-12-15 18:00:00,10350.5,559.0
2020-12-15 19:00:00,10410.5,0.0
2020-12-15 20:00:00,10470.5,0.0
2020-12-15 21:00:00,10530.5,0.0
2020-12-15 22:00:00,10590.5,0.0
2020-12-15 23:00:00,10650.5,0.0
2020-12-16 00:00:00,10710.5,0.0
2020-12-16 01:00:00,10770.5,0.0
2020-12-16 02:00:00,10830.5,0.0
2020-12-16 03:00:00,10890.5,0.0
2020-12-16 04:00:00,10950.5,0.0
2020-12-16 05:00:00,11010.5,0.0
2020-12-16 06:00:00,11070.5,2947.0
2020-12-16 07:00:00,11130.5,3600.0
2020-12-16 08:00:00,11190.5,3600.0
2020-12-16 09:00:00,11250.5,3600.0
2020-12-16 10:00:00,11310.5,3600.0
2020-12-16 11:00:00,11370.5,3600.0
2020-12-16 12:00:00,11430.5,3600.0
2020-12-16 13:00:00,11490.5,3600.0
2020-12-16 14:00:00,11550.5,3600.0
2020-12-16 15:00:00,11610.5,3600.0
2020-12-16 16:00:00,11670.5,3600.0
2020-12-16 17:00:00,11730.5,3600.0
2020-12-16 18:00:00,11790.5,373.0
2020-12-16 19:00:00,11850.5,0.0
2020-12-16 20:00:00,11910.5,0.0
2020-12-16 21:00:00,11970.5,0.0
2020-12-16 22:00:00,12030.5,0.0
2020-12-16 23:00:00,12090.5,0.0
2020-12-17 00:00:00,12150.5,0.0
2020-12-17 01:00:00,12210.5,0.0
2020-12-17 02:00:00,12270.5,0.0
2020-12-17 03:00:00,12330.5,0.0
2020-12-17 04:00:00,12390.5,0.0
2020-12-17 05:00:00,12450.5,0.0
2020-12-17 06:00:00,12510.5,2594.0
2020-12-17 07:00:00,12570.5,3600.0
2020-12-17 08:00:00,12631.5,3485.0
2020-12-17 09:00:00,12692.5,3600.0
2020-12-17 10:00:00,12752.5,3600.0
2020-12-17 11:00:00,12812.5,3600.0
2020-12-17 12:00:00,12872.5,3600.0
2020-12-17 13:00:00,12932.5,3600.0
2020-12-17 14:00:00,12992.5,3600.0
2020-12-17 15:00:00,13052.5,3600.0
2020-12-17 16:00:00,13112.5,3600.0
2020-12-17 17:00:00,13172.5,3428.0
2020-12-17 18:00:00,13232.5,0.0
2020-12-17 19:00:00,13292.5,0.0
2020-12-17 20:00:00,13352.5,0.0
2020-12-17 21:00:00,13412.5,0.0
2020-12-17 22:00:00,13472.5,0.0
2020-12-17 23:00:00,13532.5,0.0
2020-12-18 00:00:00,13592.5,0.0
2020-12-18 01:00:00,13652.5,0.0
2020-12-18 02:00:00,13712.5,0.0
2020-12-18 03:00:00,13772.5,0.0
2020-12-18 04:00:00,13832.5,0.0
2020-12-18 05:00:00,13892.5,0.0
2020-12-18 06:00:00,13952.5,3069.0
2020-12-18 07:00:00,14012.5,3600.0
2020-12-18 08:00:00,14072.5,3600.0
2020-12-18 09:00:00,14132.5,3600.0
2020-12-18 10:00:00,14192.5,3600.0
2020-12-18 11:00:00,14252.5,3600.0
2020-12-18 12:00:00,14312.5,3600.0
2020-12-18 13:00:00,14372.5,3600.0
2020-12-18 14:00:00,14432.5,3600.0
2020-12-18 15:00:00,14492.5,3600.0
2020-12-18 16:00:00,14552.5,3600.0
2020-12-18 17:00:00,14612.5,3600.0
2020-12-18 18:00:00,14672.5,694.0
2020-12-18 19:00:00,14732.5,0.0
2020-12-18 20:00:00,14792.5,0.0
2020-12-18 21:00:00,14852.5,0.0
2020-12-18 22:00:00,14912.5,0.0
2020-12-18 23:00:00,14972.5,0.0
2020-12-19 00:00:00,15032.5,0.0
2020-12-19 01:00:00,15092.5,0.0
2020-12-19 02:00:00,15152.5,0.0
2020-12-19 03:00:00,15212.5,0.0
2020-12-19 04:00:00,15272.5,0.0
2020-12-19 05:00:00,15332.5,0.0
2020-12-19 06:00:00,15392.5,0.0
2020-12-19 07:00:00,15452.5,0.0
2020-12-19 08:00:00,15512.5,0.0
2020-12-19 09:00:00,15572.5,0.0
2020-12-19 10:00:00,15632.5,0.0
2020-12-19 11:00:00,15692.5,0.0
2020-12-19 12:00:00,15752.5,0.0
2020-12-19 13:00:00,15812.5,0.0
2020-12-19 14:00:00,15872.5,0.0
2020-12-19 15:00:00,15932.5,0.0
2020-12-19 16:00:00,15992.5,0.0
2020-12-19 17:00:00,16052.5,0.0
2020-12-19 18:00:00,16112.5,0.0
2020-12-19 19:00:00,16172.5,0.0
2020-12-19 20:00:00,16232.5,0.0
2020-12-19 21:00:00,16292.5,0.0
2020-12-19 22:00:00,16352.5,0.0
2020-12-19 23:00:00,16412.5,0.0
2020-12-20 00:00:00,16472.5,0.0
2020-12-20 01:00:00,16532.5,0.0
2020-12-20 02:00:00,16592.5,0.0
2020-12-20 03:00:00,16652.5,0.0
2020-12-20 04:00:00,16712.5,0.0
2020-12-20 05:00:00,16772.5,0.0
2020-12-20 06:00:00,16832.5,0.0
2020-12-20 07:00:00,16892.5,0.0
2020-12-20 08:00:00,16952.5,0.0
2020-12-20 09:00:00,17012.5,0.0
2020-12-20 10:00:00,17072.5,0.0
2020-12-20 11:00:00,17132.5,0.0
2020-12-20 12:00:00,17192.5,0.0
2020-12-20 13:00:00,17252.5,0.0
2020-12-20 14:00:00,17312.5,0.0
2020-12-20 15:00:00,17372.5,0.0
2020-12-20 16:00:00,17432.5,0.0
2020-12-20 17:00:00,17492.5,0.0
2020-12-20 18:00:00,17552.5,0.0
2020-12-20 19:00:00,17612.5,0.0
2020-12-20 20:00:00,17672.5,0.0
2020-12-20 21:00:00,17732.5,0.0
2020-12-20 22:00:00,17792.5,0.0
2020-12-20 23:00:00,17852.5,0.0
2020-12-21 00:00:00,17912.5,0.0
2020-12-21 01:00:00,17972.5,0.0
2020-12-21 02:00:00,18032.5,0.0
2020-12-21 03:00:00,18092.5,0.0
2020-12-21 04:00:00,18152.5,0.0
2020-12-21 05:00:00,18212.5,0.0
2020-12-21 06:00:00,18272.5,3021.0
2020-12-21 07:00:00,18332.5,3600.0
2020-12-21 08:00:00,18392.5,3600.0
2020-12-21 09:00:00,18452.5,3600.0
2020-12-21 10:00:00,18512.5,3600.0
2020-12-21 11:00:00,18572.5,3600.0
2020-12-21 12:00:00,18632.5,3600.0
2020-12-21 13:00:00,18692.5,3600.0
2020-12-21 14:00:00,18752.5,3600.0
2020-12-21 15:00:00,18812.5,3600.0
2020-12-21 16:00:00,18872.5,3600.0
2020-12-21 17:00:00,18932.5,3600.0
2020-12-21 18:00:00,18992.5,2366.0
2020-12-21 19:00:00,19052.5,0.0
2020-12-21 20:00:00,19112.5,0.0
2020-12-21 21:00:00,19172.5,0.0
2020-12-21 22:00:00,19232.5,0.0
2020-12-21 23:00:00,19292.5,0.0
2020-12-22 00:00:00,19352.5,0.0
2020-12-22 01:00:00,19412.5,0.0
2020-12-22 02:00:00,19472.5,0.0
2020-12-22 03:00:00,19532.5,0.0
2020-12-22 04:00:00,19592.5,0.0
2020-12-22 05:00:00,19652.5,0.0
2020-12-22 06:00:00,19712.5,2351.0
2020-12-22 07:00:00,19772.5,3600.0
2020-12-22 08:00:00,19832.5,3600.0
2020-12-22 09:00:00,19892.5,3600.0
2020-12-22 10:00:00,19952.5,3600.0
2020-12-22 11:00:00,20012.5,3600.0
2020-12-22 12:00:00,20072.5,3600.0
2020-12-22 13:00:00,20132.5,3600.0
2020-12-22 14:00:00,20192.5,3600.0
2020-12-22 15:00:00,20252.5,3600.0
2020-12-22 16:00:00,20312.5,3600.0
2020-12-22 17:00:00,20372.5,2909.0
2020-12-22 18:00:00,20432.5,0.0
2020-12-22 19:00:00,20492.5,0.0
2020-12-22 20:00:00,20552.5,0.0
2020-12-22 21:00:00,20612.5,0.0
2020-12-22 22:00:00,20672.5,0.0
2020-12-22 23:00:00,20732.5,0.0
2020-12-23 00:00:00,20792.5,0.0
2020-12-23 01:00:00,20852.5,0.0
2020-12-23 02:00:00,20912.5,0.0
2020-12-23 03:00:00,20972.5,0.0
2020-12-23 04:00:00,21032.5,0.0
2020-12-23 05:00:00,21092.5,0.0
2020-12-23 06:00:00,21152.5,3008.0
2020-12-23 07:00:00,21212.5,3600.0
2020-12-23 08:00:00,21272.5,3600.0
2020-12-23 09:00:00,21332.5,3600.0
2020-12-23 10:00:00,21392.5,3600.0
2020-12-23 11:00:00,21452.5,3600.0
2020-12-23 12:00:00,21512.5,3600.0
2020-12-23 13:00:00,21572.5,3600.0
2020-12-23 14:00:00,21632.5,3600.0
2020-12-23 15:00:00,21692.5,3600.0
2020-12-23 16:00:00,21752.5,3600.0
2020-12-23 17:00:00,21812.5,3600.0
2020-12-23 18:00:00,21872.5,1402.0
2020-12-23 19:00:00,21932.5,0.0
2020-12-23 20:00:00,21992.5,0.0
2020-12-23 21:00:00,22052.5,0.0
2020-12-23 22:00:00,22112.5,0.0
2020-12-23 23:00:00,22172.5,0.0
2020-12-24 00:00:00,22232.5,0.0
2020-12-24 01:00:00,22292.5,0.0
2020-12-24 02:00:00,22352.5,0.0
2020-12-24 03:00:00,22412.5,0.0
2020-12-24 04:00:00,22472.5,0.0
2020-12-24 05:00:00,22532.5,0.0
2020-12-24 06:00:00,22592.5,2301.0
2020-12-24 07:00:00,22652.5,3600.0
2020-12-24 08:00:00,22712.5,3600.0
2020-12-24 09:00:00,22772.5,3600.0
2020-12-24 10:00:00,22832.5,3600.0
2020-12-24 11:00:00,22892.5,3600.0
2020-12-24 12:00:00,22952.5,3600.0
2020-12-24 13:00:00,23012.5,3600.0
2020-12-24 14:00:00,23072.5,3600.0
2020-12-24 15:00:00,23132.5,3600.0
2020-12-24 16:00:00,23192.5,3600.0
2020-12-24 17:00:00,23252.5,3600.0
2020-12-24 18:00:00,23312.5,1058.0
2020-12-24 19:00:00,23372.5,0.0
2020-12-24 20:00:00,23432.5,0.0
2020-12-24 21:00:00,23492.5,0.0
2020-12-24 22:00:00,23552.5,0.0
2020-12-24 23:00:00,23612.5,0.0
2020-12-25 00:00:00,23672.5,0.0
2020-12-25 01:00:00,23732.5,0.0
2020-12-25 02:00:00,23792.5,0.0
2020-12-25 03:00:00,23852.5,0.0
2020-12-25 04:00:00,23912.5,0.0
2020-12-25 05:00:00,23972.5,0.0
2020-12-25 06:00:00,24032.5,0.0
2020-12-25 07:00:00,24092.5,0.0
2020-12-25 08:00:00,24152.5,0.0
2020-12-25 09:00:00,24212.5,0.0
2020-12-25 10:00:00,24272.5,0.0
2020-12-25 11:00:00,24332.5,0.0
2020-12-25 12:00:00,24392.5,0.0
2020-12-25 13:00:00,24452.5,0.0
2020-12-25 14:00:00,24512.5,0.0
2020-12-25 15:00:00,24572.5,0.0
2020-12-25 16:00:00,24632.5,0.0
2020-12-25 17:00:00,24692.5,0.0
2020-12-25 18:00:00,24752.5,0.0
2020-12-25 19:00:00,24812.5,0.0
2020-12-25 20:00:00,24872.5,0.0
2020-12-25 21:00:00,24932.5,0.0
2020-12-25 22:00:00,24992.5,0.0
2020-12-25 23:00:00,25052.5,0.0
2020-12-26 00:00:00,25112.5,0.0
2020-12-26 01:00:00,25172.5,0.0
2020-12-26 02:00:00,25232.5,0.0
2020-12-26 03:00:00,25292.5,0.0
2020-12-26 04:00:00,25352.5,0.0
2020-12-26 05:00:00,25412.5,0.0
2020-12-26 06:00:00,25472.5,0.0
2020-12-26 07:00:00,25532.5,0.0
2020-12-26 08:00:00,25592.5,0.0
2020-12-26 09:00:00,25652.5,0.0
2020-12-26 10:00:00,25712.5,0.0
2020-12-26 11:00:00,25772.5,0.0
2020-12-26 12:00:00,25832.5,0.0
2020-12-26 13:00:00,25892.5,0.0
2020-12-26 14:00:00,25952.5,0.0
2020-12-26 15:00:00,26012.5,0.0
2020-12-26 16:00:00,26072.5,0.0
2020-12-26 17:00:00,26132.5,0.0
2020-12-26 18:00:00,26192.5,0.0
2020-12-26 19:00:00,26252.5,0.0
2020-12-26 20:00:00,26312.5,0.0
2020-12-26 21:00:00,26372.5,0.0
2020-12-26 22:00:00,26432.5,0.0
2020-12-26 23:00:00,26492.5,0.0
2020-12-27 00:00:00,26552.5,0.0
2020-12-27 01:00:00,26612.5,0.0
2020-12-27 02:00:00,26672.5,0.0
2020-12-27 03:00:00,26732.5,0.0
2020-12-27 04:00:00,26792.5,0.0
2020-12-27 05:00:00,26852.5,0.0
2020-12-27 06:00:00,26912.5,0.0
2020-12-27 07:00:00,26972.5,0.0
2020-12-27 08:00:00,27032.5,0.0
2020-12-27 09:00:00,27092.5,0.0
2020-12-27 10:00:00,27152.5,0.0
2020-12-27 11:00:00,27212.5,0.0
2020-12-27 12:00:00,27272.5,0.0
2020-12-27 13:00:00,27332.5,0.0
2020-12-27 14:00:00,27392.5,0.0
2020-12-27 15:00:00,27452.5,0.0
2020-12-27 16:00:00,27512.5,0.0
2020-12-27 17:00:00,27572.5,0.0
2020-12-27 18:00:00,27632.5,0.0
2020-12-27 19:00:00,27692.5,0.0
2020-12-27 20:00:00,27752.5,0.0
2020-12-27 21:00:00,27812.5,0.0
2020-12-27 22:00:00,27872.5,0.0
2020-12-27 23:00:00,27932.5,0.0
2020-12-28 00:00:00,27992.5,0.0
2020-12-28 01:00:00,28052.5,0.0
2020-12-28 02:00:00,28112.5,0.0
2020-12-28 03:00:00,28172.5,0.0
2020-12-28 04:00:00,28232.5,0.0
2020-12-28 05:00:00,28292.5,0.0
2020-12-28 06:00:00,28352.5,2680.0
2020-12-28 07:00:00,28412.5,3600.0
2020-12-28 08:00:00,28472.5,3600.0
2020-12-28 09:00:00,28532.5,3600.0
2020-12-28 10:00:00,28592.5,3600.0
2020-12-28 11:00:00,28652.5,3600.0
2020-12-28 12:00:00,28712.5,3600.0
2020-12-28 13:00:00,28772.5,3600.0
2020-12-28 14:00:00,28832.5,3600.0
2020-12-28 15:00:00,28892.5,3600.0
2020-12-28 16:00:00,28952.5,3600.0
2020-12-28 17:00:00,29012.5,414.0
2020-12-28 18:00:00,29072.5,0.0
2020-12-28 19:00:00,29132.5,0.0
2020-12-28 20:00:00,29192.5,0.0
2020-12-28 21:00:00,29252.5,0.0
2020-12-28 22:00:00,29312.5,0.0
2020-12-28 23:00:00,29372.5,0.0
2020-12-29 00:00:00,29432.5,0.0
2020-12-29 01:00:00,29492.5,0.0
2020-12-29 02:00:00,29552.5,0.0
2020-12-29 03:00:00,29612.5,0.0
2020-12-29 04:00:00,29672.5,0.0
2020-12-29 05:00:00,29732.5,0.0
2020-12-29 06:00:00,29792.5,2820.0
2020-12-29 07:00:00,29852.5,3600.0
2020-12-29 08:00:00,29912.5,3600.0
2020-12-29 09:00:00,29972.5,3600.0
2020-12-29 10:00:00,30032.5,3600.0
2020-12-29 11:00:00,30092.5,3600.0
2020-12-29 12:00:00,30152.5,3600.0
2020-12-29 13:00:00,30212.5,3600.0
2020-12-29 14:00:00,30272.5,3600.0
2020-12-29 15:00:00,30332.5,3600.0
2020-12-29 16:00:00,30392.5,3600.0
2020-12-29 17:00:00,30452.5,3600.0
2020-12-29 18:00:00,30512.5,881.0
2020-12-29 19:00:00,30572.5,0.0
2020-12-29 20:00:00,30632.5,0.0
2020-12-29 21:00:00,30692.5,0.0
2020-12-29 22:00:00,30752.5,0.0
2020-12-29 23:00:00,30812.5,0.0
2020-12-30 00:00:00,30872.5,0.0
2020-12-30 01:00:00,30932.5,0.0
2020-12-30 02:00:00,30992.5,0.0
2020-12-30 03:00:00,31052.5,0.0
2020-12-30 04:00:00,31112.5,0.0
2020-12-30 05:00:00,31172.5,0.0
2020-12-30 06:00:00,31232.5,3522.0
2020-12-30 07:00:00,31292.5,3600.0
2020-12-30 08:00:00,31352.5,3600.0
2020-12-30 09:00:00,31412.5,3600.0
2020-12-30 10:00:00,31472.5,3600.0
2020-12-30 11:00:00,31532.5,3600.0
2020-12-30 12:00:00,31592.5,3600.0
2020-12-30 13:00:00,31652.5,3600.0
2020-12-30 14:00:00,31712.5,3600.0
2020-12-30 15:00:00,31772.5,3600.0
2020-12-30 16:00:00,31832.5,3600.0
2020-12-30 17:00:00,31892.5,3600.0
2020-12-30 18:00:00,31952.5,653.0
2020-12-30 19:00:00,32012.5,0.0
2020-12-30 20:00:00,32072.5,0.0
2020-12-30 21:00:00,32132.5,0.0
2020-12-30 22:00:00,32192.5,0.0
2020-12-30 23:00:00,32252.5,0.0
2020-12-31 00:00:00,32312.5,0.0
2020-12-31 01:00:00,32372.5,0.0
2020-12-31 02:00:00,32432.5,0.0
2020-12-31 03:00:00,32492.5,0.0
2020-12-31 04:00:00,32552.5,0.0
2020-12-31 05:00:00,32612.5,0.0
2020-12-31 06:00:00,32672.5,3437.0
2020-12-31 07:00:00,32732.5,3600.0
2020-12-31 08:00:00,32792.5,3600.0
2020-12-31 09:00:00,32852.5,3600.0
2020-12-31 10:00:00,32912.5,3600.0
2020-12-31 11:00:00,32972.5,3600.0
2020-12-31 12:00:00,33032.5,3600.0
2020-12-31 13:00:00,33092.5,3600.0
2020-12-31 14:00:00,33152.5,3600.0
2020-12-31 15:00:00,33212.5,3600.0
2020-12-31 16:00:00,33272.5,3600.0
2020-12-31 17:00:00,33332.5,3006.0
2020-12-31 18:00:00,33392.5,0.0
2020-12-31 19:00:00,33452.5,0.0
2020-12-31 20:00:00,33512.5,0.0
2020-12-31 21:00:00,33572.5,0.0
2020-12-31 22:00:00,33632.5,0.0
2020-12-31 23:00:00,33692.5,0.0
2021-01-01 00:00:00,33752.5,0.0
2021-01-01 01:00:00,33812.5,0.0
2021-01-01 02:00:00,33872.5,0.0
2021-01-01 03:00:00,33932.5,0.0
2021-01-01 04:00:00,33992.5,0.0
2021-01-01 05:00:00,34052.5,0.0
2021-01-01 06:00:00,34112.5,0.0
2021-01-01 07:00:00,34172.5,0.0
2021-01-01 08:00:00,34232.5,0.0
2021-01-01 09:00:00,34292.5,0.0
2021-01-01 10:00:00,34352.5,0.0
2021-01-01 11:00:00,34412.5,0.0
2021-01-01 12:00:00,34472.5,0.0
2021-01-01 13:00:00,34532.5,0.0
2021-01-01 14:00:00,34592.5,0.0
2021-01-01 15:00:00,34652.5,0.0
2021-01-01 16:00:00,34712.5,0.0
2021-01-01 17:00:00,34772.5,0.0
2021-01-01 18:00:00,34832.5,0.0
2021-01-01 19:00:00,34892.5,0.0
2021-01-01 20:00:00,34952.5,0.0
2021-01-01 21:00:00,35012.5,0.0
2021-01-01 22:00:00,35072.5,0.0
2021-01-01 23:00:00,35132.5,0.0
2021-01-02 00:00:00,35192.5,0.0
2021-01-02 01:00:00,35252.5,0.0
2021-01-02 02:00:00,35312.5,0.0
2021-01-02 03:00:00,35372.5,0.0
2021-01-02 04:00:00,35432.5,0.0
2021-01-02 05:00:00,35492.5,0.0
2021-01-02 06:00:00,35552.5,0.0
2021-01-02 07:00:00,35612.5,0.0
2021-01-02 08:00:00,35672.5,0.0
2021-01-02 09:00:00,35732.5,0.0
2021-01-02 10:00:00,35792.5,0.0
2021-01-02 11:00:00,35852.5,0.0
2021-01-02 12:00:00,35912.5,0.0
2021-01-02 13:00:00,35972.5,0.0
2021-01-02 14:00:00,36032.5,0.0
2021-01-02 15:00:00,36092.5,0.0
2021-01-02 16:00:00,36152.5,0.0
2021-01-02 17:00:00,36212.5,0.0
2021-01-02 18:00:00,36272.5,0.0
2021-01-02 19:00:00,36332.5,0.0
2021-01-02 20:00:00,36392.5,0.0
2021-01-02 21:00:00,36452.5,0.0
2021-01-02 22:00:00,36512.5,0.0
2021-01-02 23:00:00,36572.5,0.0
2021-01-03 00:00:00,36632.5,0.0
2021-01-03 01:00:00,36692.5,0.0
2021-01-03 02:00:00,36752.5,0.0
2021-01-03 03:00:00,36812.5,0.0
2021-01-03 04:00:00,36872.5,0.0
2021-01-03 05:00:00,36932.5,0.0
2021-01-03 06:00:00,36992.5,0.0
2021-01-03 07:00:00,37052.5,0.0
2021-01-03 08:00:00,37112.5,0.0
2021-01-03 09:00:00,37172.5,0.0
2021-01-03 10:00:00,37232.5,0.0
2021-01-03 11:00:00,37292.5,0.0
2021-01-03 12:00:00,37352.5,0.0
2021-01-03 13:00:00,37412.5,0.0
2021-01-03 14:00:00,37472.5,0.0
2021-01-03 15:00:00,37532.5,0.0
2021-01-03 16:00:00,37592.5,0.0
2021-01-03 17:00:00,37652.5,0.0
2021-01-03 18:00:00,37712.5,0.0
2021-01-03 19:00:00,37772.5,0.0
2021-01-03 20:00:00,37832.5,0.0
2021-01-03 21:00:00,37892.5,0.0
2021-01-03 22:00:00,37952.5,0.0
2021-01-03 23:00:00,38012.5,0.0
2021-01-04 00:00:00,38072.5,0.0
2021-01-04 01:00:00,38132.5,0.0
2021-01-04 02:00:00,38192.5,0.0
2021-01-04 03:00:00,38252.5,0.0
2021-01-04 04:00:00,38312.5,0.0
2021-01-04 05:00:00,38372.5,0.0
2021-01-04 06:00:00,38432.5,2906.0
2021-01-04 07:00:00,38492.5,3600.0
2021-01-04 08:00:00,38552.5,3600.0
2021-01-04 09:00:00,38612.5,3600.0
2021-01-04 10:00:00,38672.5,3600.0
2021-01-04 11:00:00,38732.5,3600.0
2021-01-04 12:00:00,38792.5,3600.0
2021-01-04 13:00:00,38852.5,3600.0
2021-01-04 14:00:00,38912.5,3600.0
2021-01-04 15:00:00,38972.5,3600.0
2021-01-04 16:00:00,39032.5,3600.0
2021-01-04 17:00:00,39092.5,3600.0
2021-01-04 18:00:00,39152.5,333.0
2021-01-04 19:00:00,39212.5,0.0
2021-01-04 20:00:00,39272.5,0.0
2021-01-04 21:00:00,39332.5,0.0
2021-01-04 22:00:00,39392.5,0.0
2021-01-04 23:00:00,39452.5,0.0
2021-01-05 00:00:00,39512.5,0.0
2021-01-05 01:00:00,39572.5,0.0
2021-01-05 02:00:00,39632.5,0.0
2021-01-05 03:00:00,39692.5,0.0
2021-01-05 04:00:00,39752.5,0.0
2021-01-05 05:00:00,39812.5,0.0
2021-01-05 06:00:00,39872.5,2135.0
2021-01-05 07:00:00,39932.5,3600.0
2021-01-05 08:00:00,39992.5,3600.0
2021-01-05 09:00:00,40052.5,3600.0
2021-01-05 10:00:00,40112.5,3600.0
2021-01-05 11:00:00,40172.5,3600.0
2021-01-05 12:00:00,40232.5,3600.0
2021-01-05 13:00:00,40292.5,3600.0
2021-01-05 14:00:00,40352.5,3600.0
2021-01-05 15:00:00,40412.5,3600.0
2021-01-05 16:00:00,40472.5,3600.0
2021-01-05 17:00:00,40532.5,3183.0
2021-01-05 18:00:00,40592.5,0.0
2021-01-05 19:00:00,40652.5,0.0
2021-01-05 20:00:00,40712.5,0.0
2021-01-05 21:00:00,40772.5,0.0
2021-01-05 22:00:00,40832.5,0.0
2021-01-05 23:00:00,40892.5,0.0
2021-01-06 00:00:00,40952.5,0.0
2021-01-06 01:00:00,41012.5,0.0
2021-01-06 02:00:00,41072.5,0.0
2021-01-06 03:00:00,41132.5,0.0
2021-01-06 04:00:00,41192.5,0.0
2021-01-06 05:00:00,41252.5,0.0
2021-01-06 06:00:00,41312.5,0.0
2021-01-06 07:00:00,41372.5,0.0
2021-01-06 08:00:00,41432.5,0.0
2021-01-06 09:00:00,41492.5,1172.0
2021-01-06 10:00:00,41552.5,2750.0
2021-01-06 11:00:00,41612.5,3600.0
2021-01-06 12:00:00,41672.5,3600.0
2021-01-06 13:00:00,41732.5,3600.0
2021-01-06 14:00:00,41792.5,3600.0
2021-01-06 15:00:00,41852.5,3600.0
2021-01-06 16:00:00,41912.5,3600.0
2021-01-06 17:00:00,41972.5,3600.0
2021-01-06 18:00:00,42032.5,713.0
2021-01-06 19:00:00,42092.5,0.0
2021-01-06 20:00:00,42152.5,0.0
2021-01-06 21:00:00,42212.5,0.0
2021-01-06 22:00:00,42272.5,0.0
2021-01-06 23:00:00,42332.5,0.0
2021-01-07 00:00:00,42392.5,0.0
2021-01-07 01:00:00,42452.5,0.0
2021-01-07 02:00:00,42512.5,0.0
2021-01-07 03:00:00,42572.5,0.0
2021-01-07 04:00:00,42632.5,0.0
2021-01-07 05:00:00,42692.5,1173.0
2021-01-07 06:00:00,42752.5,3600.0
2021-01-07 07:00:00,42812.5,3600.0
2021-01-07 08:00:00,42872.5,3600.0
2021-01-07 09:00:00,42932.5,3600.0
2021-01-07 10:00:00,42992.5,3600.0
2021-01-07 11:00:00,43052.5,3600.0
2021-01-07 12:00:00,43112.5,3600.0
2021-01-07 13:00:00,43172.5,3600.0
2021-01-07 14:00:00,43232.5,3600.0
2021-01-07 15:00:00,43292.5,3600.0
2021-01-07 16:00:00,43352.5,3600.0
2021-01-07 17:00:00,43412.5,3600.0
2021-01-07 18:00:00,43472.5,2002.0
2021-01-07 19:00:00,43532.5,0.0
2021-01-07 20:00:00,43592.5,0.0
2021-01-07 21:00:00,43652.5,0.0
2021-01-07 22:00:00,43712.5,0.0
2021-01-07 23:00:00,43772.5,0.0
2021-01-08 00:00:00,43832.5,0.0
2021-01-08 01:00:00,43892.5,0.0
2021-01-08 02:00:00,43952.5,0.0
2021-01-08 03:00:00,44012.5,0.0
2021-01-08 04:00:00,44072.5,0.0
2021-01-08 05:00:00,44132.5,0.0
2021-01-08 06:00:00,44192.5,0.0
2021-01-08 07:00:00,44252.5,0.0
2021-01-08 08:00:00,44312.5,0.0
2021-01-08 09:00:00,44372.5,0.0
2021-01-08 10:00:00,44432.5,0.0
2021-01-08 11:00:00,44492.5,0.0
2021-01-08 12:00:00,44552.5,1965.0
2021-01-08 13:00:00,44612.5,3600.0
2021-01-08 14:00:00,44672.5,3600.0
2021-01-08 15:00:00,44732.5,3600.0
2021-01-08 16:00:00,44792.5,3600.0
2021-01-08 17:00:00,44852.5,3600.0
2021-01-08 18:00:00,44912.5,3600.0
2021-01-08 19:00:00,44972.5,3600.0
2021-01-08 20:00:00,45032.5,3600.0
2021-01-08 21:00:00,45092.5,2480.0
2021-01-08 22:00:00,45152.5,0.0
2021-01-08 23:00:00,45212.5,0.0
2021-01-09 00:00:00,45272.5,0.0
2021-01-09 01:00:00,45332.5,0.0
2021-01-09 02:00:00,45392.5,0.0
2021-01-09 03:00:00,45452.5,0.0
2021-01-09 04:00:00,45512.5,0.0
2021-01-09 05:00:00,45572.5,0.0
2021-01-09 06:00:00,45632.5,0.0
2021-01-09 07:00:00,45692.5,0.0
2021-01-09 08:00:00,45752.5,0.0
2021-01-09 09:00:00,45812.5,0.0
2021-01-09 10:00:00,45872.5,0.0
2021-01-09 11:00:00,45932.5,0.0
2021-01-09 12:00:00,45992.5,0.0
2021-01-09 13:00:00,46052.5,0.0
2021-01-09 14:00:00,46112.5,0.0
2021-01-09 15:00:00,46172.5,0.0
2021-01-09 16:00:00,46232.5,0.0
2021-01-09 17:00:00,46292.5,0.0
2021-01-09 18:00:00,46352.5,0.0
2021-01-09 19:00:00,46412.5,0.0
2021-01-09 20:00:00,46472.5,0.0
2021-01-09 21:00:00,46532.5,0.0
2021-01-09 22:00:00,46592.5,0.0
2021-01-09 23:00:00,46652.5,0.0
2021-01-10 00:00:00,46712.5,0.0
2021-01-10 01:00:00,46772.5,0.0
2021-01-10 02:00:00,46832.5,0.0
2021-01-10 03:00:00,46892.5,0.0
2021-01-10 04:00:00,46952.5,0.0
2021-01-10 05:00:00,47012.5,0.0
2021-01-10 06:00:00,47072.5,0.0
2021-01-10 07:00:00,47132.5,0.0
2021-01-10 08:00:00,47192.5,0.0
2021-01-10 09:00:00,47252.5,0.0
2021-01-10 10:00:00,47312.5,0.0
2021-01-10 11:00:00,47372.5,0.0
2021-01-10 12:00:00,47432.5,0.0
2021-01-10 13:00:00,47492.5,0.0
2021-01-10 14:00:00,47552.5,0.0
2021-01-10 15:00:00,47612.5,0.0
2021-01-10 16:00:00,47672.5,0.0
2021-01-10 17:00:00,47732.5,0.0
2021-01-10 18:00:00,47792.5,0.0
2021-01-10 19:00:00,47852.5,0.0
2021-01-10 20:00:00,47912.5,0.0
2021-01-10 21:00:00,47972.5,0.0
2021-01-10 22:00:00,48032.5,0.0
2021-01-10 23:00:00,48092.5,0.0
2021-01-11 00:00:00,48152.5,0.0
2021-01-11 01:00:00,48212.5,0.0
2021-01-11 02:00:00,48272.5,0.0
2021-01-11 03:00:00,48332.5,0.0
2021-01-11 04:00:00,48392.5,0.0
2021-01-11 05:00:00,48452.5,0.0
2021-01-11 06:00:00,48512.5,1443.0
2021-01-11 07:00:00,48572.5,3600.0
2021-01-11 08:00:00,48632.5,3600.0
2021-01-11 09:00:00,48692.5,3600.0
2021-01-11 10:00:00,48752.5,3600.0
2021-01-11 11:00:00,48812.5,3600.0
2021-01-11 12:00:00,48872.5,3600.0
2021-01-11 13:00:00,48932.5,3600.0
2021-01-11 14:00:00,48992.5,3600.0
2021-01-11 15:00:00,49052.5,3600.0
2021-01-11 16:00:00,49112.5,3600.0
2021-01-11 17:00:00,49172.5,3445.0
2021-01-11 18:00:00,49232.5,0.0
2021-01-11 19:00:00,49292.5,0.0
2021-01-11 20:00:00,49352.5,0.0
2021-01-11 21:00:00,49412.5,0.0
2021-01-11 22:00:00,49472.5,0.0
2021-01-11 23:00:00,49532.5,0.0
2021-01-12 00:00:00,49592.5,0.0
2021-01-12 01:00:00,49652.5,0.0
2021-01-12 02:00:00,49712.5,0.0
2021-01-12 03:00:00,49772.5,0.0
2021-01-12 04:00:00,49832.5,0.0
2021-01-12 05:00:00,49892.5,902.0
2021-01-12 06:00:00,49952.5,3600.0
2021-01-12 07:00:00,50012.5,3600.0
2021-01-12 08:00:00,50072.5,3600.0
2021-01-12 09:00:00,50132.5,3600.0
2021-01-12 10:00:00,50192.5,3600.0
2021-01-12 11:00:00,50252.5,3600.0
2021-01-12 12:00:00,50312.5,3600.0
2021-01-12 13:00:00,50372.5,3600.0
2021-01-12 14:00:00,50432.5,3600.0
2021-01-12 15:00:00,50492.5,3600.0
2021-01-12 16:00:00,50552.5,3600.0
2021-01-12 17:00:00,50612.5,3600.0
2021-01-12 18:00:00,50672.5,356.0
2021-01-12 19:00:00,50732.5,0.0
2021-01-12 20:00:00,50792.5,0.0
2021-01-12 21:00:00,50852.5,0.0
2021-01-12 22:00:00,50912.5,0.0
2021-01-12 23:00:00,50972.5,0.0
2021-01-13 00:00:00,51032.5,0.0
2021-01-13 01:00:00,51092.5,0.0
2021-01-13 02:00:00,51152.5,0.0
2021-01-13 03:00:00,51212.5,0.0
2021-01-13 04:00:00,51272.5,0.0
2021-01-13 05:00:00,51332.5,1552.0
2021-01-13 06:00:00,51392.5,3600.0
2021-01-13 07:00:00,51452.5,3600.0
2021-01-13 08:00:00,51512.5,3600.0
2021-01-13 09:00:00,51572.5,3600.0
2021-01-13 10:00:00,51632.5,3600.0
2021-01-13 11:00:00,51692.5,3600.0
2021-01-13 12:00:00,51752.5,3600.0
2021-01-13 13:00:00,51812.5,3600.0
2021-01-13 14:00:00,51872.5,3600.0
2021-01-13 15:00:00,51932.5,3600.0
2021-01-13 16:00:00,51992.5,3600.0
2021-01-13 17:00:00,52052.5,3600.0
2021-01-13 18:00:00,52112.5,145.0
2021-01-13 19:00:00,52172.5,0.0
2021-01-13 20:00:00,52232.5,0.0
2021-01-13 21:00:00,52292.5,0.0
2021-01-13 22:00:00,52352.5,0.0
2021-01-13 23:00:00,52412.5,0.0
2021-01-14 00:00:00,52472.5,0.0
2021-01-14 01:00:00,52532.5,0.0
2021-01-14 02:00:00,52592.5,0.0
2021-01-14 03:00:00,52652.5,0.0
2021-01-14 04:00:00,52712.5,0.0
2021-01-14 05:00:00,52772.5,1141.0
2021-01-14 06:00:00,52832.5,3600.0
2021-01-14 07:00:00,52892.5,3600.0
2021-01-14 08:00:00,52952.5,3600.0
2021-01-14 09:00:00,53012.5,3600.0
2021-01-14 10:00:00,53072.5,3600.0
2021-01-14 11:00:00,53132.5,3600.0
2021-01-14 12:00:00,53192.5,3600.0
2021-01-14 13:00:00,53252.5,3600.0
2021-01-14 14:00:00,53312.5,3600.0
2021-01-14 15:00:00,53372.5,3600.0
2021-01-14 16:00:00,53432.5,3600.0
2021-01-14 17:00:00,53492.5,3600.0
2021-01-14 18:00:00,53552.5,565.0
2021-01-14 19:00:00,53612.5,0.0
2021-01-14 20:00:00,53672.5,0.0
2021-01-14 21:00:00,53732.5,0.0
2021-01-14 22:00:00,53792.5,0.0
2021-01-14 23:00:00,53852.5,0.0
2021-01-15 00:00:00,53912.5,0.0
2021-01-15 01:00:00,53972.5,0.0
2021-01-15 02:00:00,54032.5,0.0
2021-01-15 03:00:00,54092.5,0.0
2021-01-15 04:00:00,54152.5,0.0
2021-01-15 05:00:00,54212.5,1590.0
2021-01-15 06:00:00,54272.5,3600.0
2021-01-15 07:00:00,54332.5,3600.0
2021-01-15 08:00:00,54392.5,3600.0
2021-01-15 09:00:00,54452.5,3600.0
2021-01-15 10:00:00,54512.5,3600.0
2021-01-15 11:00:00,54572.5,3600.0
2021-01-15 12:00:00,54632.5,3600.0
2021-01-15 13:00:00,54692.5,3600.0
2021-01-15 14:00:00,54752.5,3600.0
2021-01-15 15:00:00,54812.5,3600.0
2021-01-15 16:00:00,54872.5,3600.0
2021-01-15 17:00:00,54932.5,3600.0
2021-01-15 18:00:00,54992.5,3600.0
2021-01-15 19:00:00,55052.5,1038.0
2021-01-15 20:00:00,55112.5,0.0
2021-01-15 21:00:00,55172.5,0.0
2021-01-15 22:00:00,55232.5,0.0
2021-01-15 23:00:00,55292.5,0.0
2021-01-16 00:00:00,55352.5,0.0
2021-01-16 01:00:00,55412.5,0.0
2021-01-16 02:00:00,55472.5,0.0
2021-01-16 03:00:00,55532.5,0.0
2021-01-16 04:00:00,55592.5,0.0
2021-01-16 05:00:00,55652.5,0.0
2021-01-16 06:00:00,55712.5,0.0
2021-01-16 07:00:00,55772.5,0.0
2021-01-16 08:00:00,55832.5,0.0
2021-01-16 09:00:00,55892.5,0.0
2021-01-16 10:00:00,55952.5,0.0
2021-01-16 11:00:00,56012.5,0.0
2021-01-16 12:00:00,56072.5,0.0
2021-01-16 13:00:00,56132.5,0.0
2021-01-16 14:00:00,56192.5,0.0
2021-01-16 15:00:00,56252.5,0.0
2021-01-16 16:00:00,56312.5,0.0
2021-01-16 17:00:00,56372.5,0.0
2021-01-16 18:00:00,56432.5,0.0
2021-01-16 19:00:00,56492.5,0.0
2021-01-16 20:00:00,56552.5,0.0
2021-01-16 21:00:00,56612.5,0.0
2021-01-16 22:00:00,56672.5,0.0
2021-01-16 23:00:00,56732.5,0.0
2021-01-17 00:00:00,56792.5,0.0
2021-01-17 01:00:00,56852.5,0.0
2021-01-17 02:00:00,56912.5,0.0
2021-01-17 03:00:00,56972.5,0.0
2021-01-17 04:00:00,57032.5,0.0
2021-01-17 05:00:00,57092.5,0.0
2021-01-17 06:00:00,57152.5,0.0
2021-01-17 07:00:00,57212.5,0.0
2021-01-17 08:00:00,57272.5,0.0
2021-01-17 09:00:00,57332.5,0.0
2021-01-17 10:00:00,57392.5,0.0
2021-01-17 11:00:00,57452.5,0.0
2021-01-17 12:00:00,57512.5,0.0
2021-01-17 13:00:00,57572.5,0.0
2021-01-17 14:00:00,57632.5,0.0
2021-01-17 15:00:00,57692.5,0.0
2021-01-17 16:00:00,57752.5,0.0
2021-01-17 17:00:00,57812.5,0.0
2021-01-17 18:00:00,57872.5,0.0
2021-01-17 19:00:00,57932.5,0.0
2021-01-17 20:00:00,57992.5,0.0
2021-01-17 21:00:00,58052.5,0.0
2021-01-17 22:00:00,58112.5,0.0
2021-01-17 23:00:00,58172.5,0.0
2021-01-18 00:00:00,58232.5,0.0
2021-01-18 01:00:00,58292.5,0.0
2021-01-18 02:00:00,58352.5,0.0
2021-01-18 03:00:00,58412.5,0.0
2021-01-18 04:00:00,58472.5,0.0
2021-01-18 05:00:00,58532.5,0.0
2021-01-18 06:00:00,58592.5,0.0
2021-01-18 07:00:00,58652.5,0.0
2021-01-18 08:00:00,58712.5,0.0
2021-01-18 09:00:00,58772.5,0.0
2021-01-18 10:00:00,58832.5,0.0
2021-01-18 11:00:00,58892.5,0.0
2021-01-18 12:00:00,58952.5,0.0
2021-01-18 13:00:00,59012.5,0.0
2021-01-18 14:00:00,59072.5,0.0
2021-01-18 15:00:00,59132.5,0.0
2021-01-18 16:00:00,59192.5,0.0
2021-01-18 17:00:00,59252.5,0.0
2021-01-18 18:00:00,59312.5,0.0
2021-01-18 19:00:00,59372.5,0.0
2021-01-18 20:00:00,59432.5,0.0
2021-01-18 21:00:00,59492.5,0.0
2021-01-18 22:00:00,59552.5,0.0
2021-01-18 23:00:00,59612.5,0.0
2021-01-19 00:00:00,59672.5,0.0
2021-01-19 01:00:00,59732.5,0.0
2021-01-19 02:00:00,59792.5,0.0
2021-01-19 03:00:00,59852.5,0.0
2021-01-19 04:00:00,59912.5,0.0
2021-01-19 05:00:00,59972.5,0.0
2021-01-19 06:00:00,60032.5,2994.0
2021-01-19 07:00:00,60092.5,3600.0
2021-01-19 08:00:00,60152.5,3600.0
2021-01-19 09:00:00,60212.5,3600.0
2021-01-19 10:00:00,60272.5,3600.0
2021-01-19 11:00:00,60332.5,3600.0
2021-01-19 12:00:00,60392.5,3600.0
2021-01-19 13:00:00,60452.5,3600.0
2021-01-19 14:00:00,60512.5,3600.0
2021-01-19 15:00:00,60572.5,3600.0
2021-01-19 16:00:00,60632.5,3600.0
2021-01-19 17:00:00,60692.5,3600.0
2021-01-19 18:00:00,60752.5,1653.0
2021-01-19 19:00:00,60812.5,0.0
2021-01-19 20:00:00,60872.5,0.0
2021-01-19 21:00:00,60932.5,0.0
2021-01-19 22:00:00,60992.5,0.0
2021-01-19 23:00:00,61052.5,0.0
2021-01-20 00:00:00,61112.5,0.0
2021-01-20 01:00:00,61172.5,0.0
2021-01-20 02:00:00,61232.5,0.0
2021-01-20 03:00:00,61292.5,0.0
2021-01-20 04:00:00,61352.5,0.0
2021-01-20 05:00:00,61412.5,248.0
2021-01-20 06:00:00,61472.5,3600.0
2021-01-20 07:00:00,61532.5,3600.0
2021-01-20 08:00:00,61592.5,3600.0
2021-01-20 09:00:00,61652.5,3600.0
2021-01-20 10:00:00,61712.5,3600.0
2021-01-20 11:00:00,61772.5,3600.0
2021-01-20 12:00:00,61832.5,3600.0
2021-01-20 13:00:00,61892.5,3600.0
2021-01-20 14:00:00,61952.5,3600.0
2021-01-20 15:00:00,62012.5,3600.0
2021-01-20 16:00:00,62072.5,3600.0
2021-01-20 17:00:00,62132.5,3600.0
2021-01-20 18:00:00,62192.5,259.0
2021-01-20 19:00:00,62252.5,0.0
2021-01-20 20:00:00,62312.5,0.0
2021-01-20 21:00:00,62372.5,0.0
2021-01-20 22:00:00,62432.5,0.0
2021-01-20 23:00:00,62492.5,0.0
2021-01-21 00:00:00,62552.5,0.0
2021-01-21 01:00:00,62612.5,0.0
2021-01-21 02:00:00,62672.5,0.0
2021-01-21 03:00:00,62732.5,0.0
2021-01-21 04:00:00,62792.5,0.0
2021-01-21 05:00:00,62852.5,0.0
2021-01-21 06:00:00,62912.5,3406.0
2021-01-21 07:00:00,62972.5,3600.0
2021-01-21 08:00:00,63032.5,3600.0
2021-01-21 09:00:00,63092.5,3600.0
2021-01-21 10:00:00,63152.5,3600.0
2021-01-21 11:00:00,63212.5,3600.0
2021-01-21 12:00:00,63272.5,3600.0
2021-01-21 13:00:00,63332.5,3600.0
2021-01-21 14:00:00,63392.5,3600.0
2021-01-21 15:00:00,63452.5,3600.0
2021-01-21 16:00:00,63512.5,3600.0
2021-01-21 17:00:00,63572.5,3600.0
2021-01-21 18:00:00,63632.5,1577.0
2021-01-21 19:00:00,63692.5,0.0
2021-01-21 20:00:00,63752.5,0.0
2021-01-21 21:00:00,63812.5,0.0
2021-01-21 22:00:00,63872.5,0.0
2021-01-21 23:00:00,63932.5,0.0
2021-01-22 00:00:00,63992.5,0.0
2021-01-22 01:00:00,64052.5,0.0
2021-01-22 02:00:00,64112.5,0.0
2021-01-22 03:00:00,64172.5,0.0
2021-01-22 04:00:00,64232.5,0.0
2021-01-22 05:00:00,64292.5,0.0
2021-01-22 06:00:00,64352.5,551.0
2021-01-22 07:00:00,64412.5,3600.0
2021-01-22 08:00:00,64472.5,3600.0
2021-01-22 09:00:00,64532.5,3600.0
2021-01-22 10:00:00,64592.5,3600.0
2021-01-22 11:00:00,64652.5,3600.0
2021-01-22 12:00:00,64712.5,3600.0
2021-01-22 13:00:00,64772.5,3600.0
2021-01-22 14:00:00,64832.5,3600.0
2021-01-22 15:00:00,64892.5,3600.0
2021-01-22 16:00:00,64952.5,2800.0
2021-01-22 17:00:00,65012.5,0.0
2021-01-22 18:00:00,65072.5,0.0
2021-01-22 19:00:00,65132.5,0.0
2021-01-22 20:00:00,65192.5,0.0
2021-01-22 21:00:00,65252.5,0.0
2021-01-22 22:00:00,65312.5,0.0
2021-01-22 23:00:00,65372.5,0.0
2021-01-23 00:00:00,65432.5,0.0
2021-01-23 01:00:00,65492.5,0.0
2021-01-23 02:00:00,65552.5,0.0
2021-01-23 03:00:00,65612.5,0.0
2021-01-23 04:00:00,65672.5,0.0
2021-01-23 05:00:00,65732.5,0.0
2021-01-23 06:00:00,65792.5,0.0
2021-01-23 07:00:00,65852.5,0.0
2021-01-23 08:00:00,65912.5,0.0
2021-01-23 09:00:00,65972.5,0.0
2021-01-23 10:00:00,66032.5,0.0
2021-01-23 11:00:00,66092.5,0.0
2021-01-23 12:00:00,66152.5,0.0
2021-01-23 13:00:00,66212.5,0.0
2021-01-23 14:00:00,66272.5,0.0
2021-01-23 15:00:00,66332.5,0.0
2021-01-23 16:00:00,66392.5,0.0
2021-01-23 17:00:00,66452.5,0.0
2021-01-23 18:00:00,66512.5,0.0
2021-01-23 19:00:00,66572.5,0.0
2021-01-23 20:00:00,66632.5,0.0
2021-01-23 21:00:00,66692.5,0.0
2021-01-23 22:00:00,66752.5,0.0
2021-01-23 23:00:00,66812.5,0.0
2021-01-24 00:00:00,66872.5,0.0
2021-01-24 01:00:00,66932.5,0.0
2021-01-24 02:00:00,66992.5,0.0
2021-01-24 03:00:00,67052.5,0.0
2021-01-24 04:00:00,67112.5,0.0
2021-01-24 05:00:00,67172.5,0.0
2021-01-24 06:00:00,67232.5,0.0
2021-01-24 07:00:00,67292.5,0.0
2021-01-24 08:00:00,67352.5,0.0
2021-01-24 09:00:00,67412.5,0.0
2021-01-24 10:00:00,67472.5,0.0
2021-01-24 11:00:00,67532.5,0.0
2021-01-24 12:00:00,67592.5,0.0
2021-01-24 13:00:00,67652.5,0.0
2021-01-24 14:00:00,67712.5,0.0
2021-01-24 15:00:00,67772.5,0.0
2021-01-24 16:00:00,67832.5,0.0
2021-01-24 17:00:00,67892.5,0.0
2021-01-24 18:00:00,67952.5,0.0
2021-01-24 19:00:00,68012.5,0.0
2021-01-24 20:00:00,68072.5,0.0
2021-01-24 21:00:00,68132.5,0.0
2021-01-24 22:00:00,68192.5,0.0
2021-01-24 23:00:00,68252.5,0.0
2021-01-25 00:00:00,68312.5,0.0
2021-01-25 01:00:00,68372.5,0.0
2021-01-25 02:00:00,68432.5,0.0
2021-01-25 03:00:00,68492.5,0.0
2021-01-25 04:00:00,68552.5,0.0
2021-01-25 05:00:00,68612.5,0.0
2021-01-25 06:00:00,68672.5,3473.0
2021-01-25 07:00:00,68732.5,3600.0
2021-01-25 08:00:00,68792.5,3600.0
2021-01-25 09:00:00,68852.5,3600.0
2021-01-25 10:00:00,68912.5,3600.0
2021-01-25 11:00:00,68972.5,3600.0
2021-01-25 12:00:00,69032.5,3600.0
2021-01-25 13:00:00,69092.5,3600.0
2021-01-25 14:00:00,69152.5,3600.0
2021-01-25 15:00:00,69212.5,3600.0
2021-01-25 16:00:00,69272.5,3600.0
2021-01-25 17:00:00,69332.5,3600.0
2021-01-25 18:00:00,69392.5,3600.0
2021-01-25 19:00:00,69452.5,3600.0
2021-01-25 20:00:00,69512.5,3009.0
2021-01-25 21:00:00,69572.5,0.0
2021-01-25 22:00:00,69632.5,0.0
2021-01-25 23:00:00,69692.5,0.0
2021-01-26 00:00:00,69752.5,0.0
2021-01-26 01:00:00,69812.5,0.0
2021-01-26 02:00:00,69872.5,0.0
2021-01-26 03:00:00,69932.5,0.0
2021-01-26 04:00:00,69992.5,0.0
2021-01-26 05:00:00,70052.5,533.0
2021-01-26 06:00:00,70112.5,3600.0
2021-01-26 07:00:00,70172.5,3600.0
2021-01-26 08:00:00,70232.5,3600.0
2021-01-26 09:00:00,70292.5,3600.0
2021-01-26 10:00:00,70352.5,3600.0
2021-01-26 11:00:00,70412.5,3600.0
2021-01-26 12:00:00,70472.5,3600.0
2021-01-26 13:00:00,70532.5,3600.0
2021-01-26 14:00:00,70592.5,3600.0
2021-01-26 15:00:00,70652.5,3600.0
2021-01-26 16:00:00,70712.5,3600.0
2021-01-26 17:00:00,70772.5,3600.0
2021-01-26 18:00:00,70832.5,3600.0
2021-01-26 19:00:00,70892.5,3499.0
2021-01-26 20:00:00,70952.5,0.0
2021-01-26 21:00:00,71012.5,0.0
2021-01-26 22:00:00,71072.5,0.0
2021-01-26 23:00:00,71132.5,0.0
2021-01-27 00:00:00,71192.5,0.0
2021-01-27 01:00:00,71252.5,0.0
2021-01-27 02:00:00,71312.5,0.0
2021-01-27 03:00:00,71372.5,0.0
2021-01-27 04:00:00,71432.5,0.0
2021-01-27 05:00:00,71492.5,0.0
2021-01-27 06:00:00,71552.5,3105.0
2021-01-27 07:00:00,71612.5,3600.0
2021-01-27 08:00:00,71672.5,3600.0
2021-01-27 09:00:00,71732.5,3600.0
2021-01-27 10:00:00,71792.5,3600.0
2021-01-27 11:00:00,71852.5,3600.0
2021-01-27 12:00:00,71912.5,3600.0
2021-01-27 13:00:00,71972.5,3600.0
2021-01-27 14:00:00,72032.5,3600.0
2021-01-27 15:00:00,72092.5,3600.0
2021-01-27 16:00:00,72152.5,3600.0
2021-01-27 17:00:00,72212.5,3600.0
2021-01-27 18:00:00,72272.5,1579.0
2021-01-27 19:00:00,72332.5,0.0
2021-01-27 20:00:00,72392.5,0.0
2021-01-27 21:00:00,72452.5,0.0
2021-01-27 22:00:00,72512.5,0.0
2021-01-27 23:00:00,72572.5,0.0
2021-01-28 00:00:00,72632.5,0.0
2021-01-28 01:00:00,72692.5,0.0
2021-01-28 02:00:00,72752.5,0.0
2021-01-28 03:00:00,72812.5,0.0
2021-01-28 04:00:00,72872.5,0.0
2021-01-28 05:00:00,72932.5,0.0
2021-01-28 06:00:00,72992.5,2900.0
2021-01-28 07:00:00,73052.5,3600.0
2021-01-28 08:00:00,73112.5,3600.0
2021-01-28 09:00:00,73172.5,3600.0
2021-01-28 10:00:00,73232.5,3600.0
2021-01-28 11:00:00,73292.5,3600.0
2021-01-28 12:00:00,73352.5,3600.0
2021-01-28 13:00:00,73412.5,3600.0
2021-01-28 14:00:00,73472.5,3600.0
2021-01-28 15:00:00,73532.5,3600.0
2021-01-28 16:00:00,73592.5,3600.0
2021-01-28 17:00:00,73652.5,3600.0
2021-01-28 18:00:00,73712.5,3600.0
2021-01-28 19:00:00,73772.5,3600.0
2021-01-28 20:00:00,73832.5,663.0
2021-01-28 21:00:00,73892.5,0.0
2021-01-28 22:00:00,73952.5,0.0
2021-01-28 23:00:00,74012.5,0.0
2021-01-29 00:00:00,74072.5,0.0
2021-01-29 01:00:00,74132.5,0.0
2021-01-29 02:00:00,74192.5,0.0
2021-01-29 03:00:00,74252.5,0.0
2021-01-29 04:00:00,74312.5,0.0
2021-01-29 05:00:00,74372.5,0.0
2021-01-29 06:00:00,74432.5,3327.0
2021-01-29 07:00:00,74492.5,3600.0
2021-01-29 08:00:00,74552.5,3600.0
2021-01-29 09:00:00,74612.5,3600.0
2021-01-29 10:00:00,74672.5,3600.0
2021-01-29 11:00:00,74732.5,516.0
2021-01-29 12:00:00,74792.5,0.0
2021-01-29 13:00:00,74852.5,0.0
2021-01-29 14:00:00,74912.5,0.0
2021-01-29 15:00:00,74972.5,0.0
2021-01-29 16:00:00,75032.5,0.0
2021-01-29 17:00:00,75092.5,0.0
2021-01-29 18:00:00,75152.5,0.0
2021-01-29 19:00:00,75212.5,0.0
2021-01-29 20:00:00,75272.5,0.0
2021-01-29 21:00:00,75332.5,0.0
2021-01-29 22:00:00,75392.5,0.0
2021-01-29 23:00:00,75452.5,0.0
2021-01-30 00:00:00,75512.5,0.0
2021-01-30 01:00:00,75572.5,0.0
2021-01-30 02:00:00,75632.5,0.0
2021-01-30 03:00:00,75692.5,0.0
2021-01-30 04:00:00,75752.5,0.0
2021-01-30 05:00:00,75812.5,0.0
2021-01-30 06:00:00,75872.5,0.0
2021-01-30 07:00:00,75932.5,0.0
2021-01-30 08:00:00,75992.5,0.0
2021-01-30 09:00:00,76052.5,0.0
2021-01-30 10:00:00,76112.5,0.0
2021-01-30 11:00:00,76172.5,0.0
2021-01-30 12:00:00,76232.5,0.0
2021-01-30 13:00:00,76292.5,0.0
2021-01-30 14:00:00,76352.5,0.0
2021-01-30 15:00:00,76412.5,0.0
2021-01-30 16:00:00,76472.5,0.0
2021-01-30 17:00:00,76532.5,0.0
2021-01-30 18:00:00,76592.5,0.0
2021-01-30 19:00:00,76652.5,0.0
2021-01-30 20:00:00,76712.5,0.0
2021-01-30 21:00:00,76772.5,0.0
2021-01-30 22:00:00,76832.5,0.0
2021-01-30 23:00:00,76892.5,0.0
2021-01-31 00:00:00,76952.5,0.0
2021-01-31 01:00:00,77012.5,0.0
2021-01-31 02:00:00,77072.5,0.0
2021-01-31 03:00:00,77132.5,0.0
2021-01-31 04:00:00,77192.5,0.0
2021-01-31 05:00:00,77252.5,0.0
2021-01-31 06:00:00,77312.5,0.0
2021-01-31 07:00:00,77372.5,0.0
2021-01-31 08:00:00,77432.5,0.0
2021-01-31 09:00:00,77492.5,0.0
2021-01-31 10:00:00,77552.5,0.0
2021-01-31 11:00:00,77612.5,0.0
2021-01-31 12:00:00,77672.5,0.0
2021-01-31 13:00:00,77732.5,0.0
2021-01-31 14:00:00,77792.5,0.0
2021-01-31 15:00:00,77852.5,0.0
2021-01-31 16:00:00,77912.5,0.0
2021-01-31 17:00:00,77972.5,0.0
2021-01-31 18:00:00,78032.5,0.0
2021-01-31 19:00:00,78092.5,0.0
2021-01-31 20:00:00,78152.5,0.0
2021-01-31 21:00:00,78212.5,0.0
2021-01-31 22:00:00,78272.5,0.0
2021-01-31 23:00:00,78332.5,0.0
2021-02-01 00:00:00,78392.5,0.0
2021-02-01 01:00:00,78452.5,0.0
2021-02-01 02:00:00,78512.5,0.0
2021-02-01 03:00:00,78572.5,0.0
2021-02-01 04:00:00,78632.5,0.0
2021-02-01 05:00:00,78692.5,0.0
2021-02-01 06:00:00,78752.5,0.0
2021-02-01 07:00:00,78812.5,0.0
2021-02-01 08:00:00,78872.5,0.0
2021-02-01 09:00:00,78932.5,0.0
2021-02-01 10:00:00,78992.5,0.0
2021-02-01 11:00:00,79052.5,0.0
2021-02-01 12:00:00,79112.5,0.0
2021-02-01 13:00:00,79172.5,0.0
2021-02-01 14:00:00,79232.5,0.0
2021-02-01 15:00:00,79292.5,0.0
2021-02-01 16:00:00,79352.5,0.0
2021-02-01 17:00:00,79412.5,0.0
2021-02-01 18:00:00,79472.5,0.0
2021-02-01 19:00:00,79532.5,0.0
2021-02-01 20:00:00,79592.5,0.0
2021-02-01 21:00:00,79652.5,0.0
2021-02-01 22:00:00,79712.5,0.0
2021-02-01 23:00:00,79772.5,0.0
2021-02-02 00:00:00,79832.5,0.0
2021-02-02 01:00:00,79892.5,0.0
2021-02-02 02:00:00,79952.5,0.0
2021-02-02 03:00:00,80012.5,0.0
2021-02-02 04:00:00,80072.5,0.0
2021-02-02 05:00:00,80132.5,0.0
2021-02-02 06:00:00,80192.5,0.0
2021-02-02 07:00:00,80252.5,0.0
2021-02-02 08:00:00,80312.5,0.0
2021-02-02 09:00:00,80372.5,0.0
2021-02-02 10:00:00,80432.5,0.0
2021-02-02 11:00:00,80492.5,0.0
2021-02-02 12:00:00,80552.5,0.0
2021-02-02 13:00:00,80612.5,0.0
2021-02-02 14:00:00,80672.5,0.0
2021-02-02 15:00:00,80732.5,0.0
2021-02-02 16:00:00,80792.5,0.0
2021-02-02 17:00:00,80852.5,0.0
2021-02-02 18:00:00,80912.5,0.0
2021-02-02 19:00:00,80972.5,0.0
2021-02-02 20:00:00,81032.5,0.0
2021-02-02 21:00:00,81092.5,0.0
2021-02-02 22:00:00,81152.5,0.0
2021-02-02 23:00:00,81212.5,0.0
2021-02-03 00:00:00,81272.5,0.0
2021-02-03 01:00:00,81332.5,0.0
2021-02-03 02:00:00,81392.5,0.0
2021-02-03 03:00:00,81452.5,0.0
2021-02-03 04:00:00,81512.5,0.0
2021-02-03 05:00:00,81572.5,0.0
2021-02-03 06:00:00,81632.5,0.0
2021-02-03 07:00:00,81692.5,0.0
2021-02-03 08:00:00,81752.5,0.0
2021-02-03 09:00:00,81812.5,0.0
2021-02-03 10:00:00,81872.5,0.0
2021-02-03 11:00:00,81932.5,0.0
2021-02-03 12:00:00,81992.5,0.0
2021-02-03 13:00:00,82052.5,0.0
2021-02-03 14:00:00,82112.5,0.0
2021-02-03 15:00:00,82172.5,0.0
2021-02-03 16:00:00,82232.5,0.0
2021-02-03 17:00:00,82292.5,0.0
2021-02-03 18:00:00,82352.5,0.0
2021-02-03 19:00:00,82412.5,0.0
2021-02-03 20:00:00,82472.5,0.0
2021-02-03 21:00:00,82532.5,0.0
2021-02-03 22:00:00,82592.5,0.0
2021-02-03 23:00:00,82652.5,0.0
2021-02-04 00:00:00,82712.5,0.0
2021-02-04 01:00:00,82772.5,0.0
2021-02-04 02:00:00,82832.5,0.0
2021-02-04 03:00:00,82892.5,0.0
2021-02-04 04:00:00,82952.5,0.0
2021-02-04 05:00:00,83012.5,0.0
2021-02-04 06:00:00,83072.5,0.0
2021-02-04 07:00:00,83132.5,0.0
2021-02-04 08:00:00,83192.5,0.0
2021-02-04 09:00:00,83252.5,0.0
2021-02-04 10:00:00,83312.5,0.0
2021-02-04 11:00:00,83372.5,0.0
2021-02-04 12:00:00,83432.5,0.0
2021-02-04 13:00:00,83492.5,0.0
2021-02-04 14:00:00,83552.5,0.0
2021-02-04 15:00:00,83612.5,0.0
2021-02-04 16:00:00,83672.5,0.0
2021-02-04 17:00:00,83732.5,0.0
2021-02-04 18:00:00,83792.5,0.0
2021-02-04 19:00:00,83852.5,0.0
2021-02-04 20:00:00,83912.5,0.0
2021-02-04 21:00:00,83972.5,0.0
2021-02-04 22:00:00,84032.5,0.0
2021-02-04 23:00:00,84092.5,0.0
2021-02-05 00:00:00,84152.5,0.0
2021-02-05 01:00:00,84212.5,0.0
2021-02-05 02:00:00,84272.5,0.0
2021-02-05 03:00:00,84332.5,0.0
2021-02-05 04:00:00,84392.5,0.0
2021-02-05 05:00:00,84452.5,0.0
2021-02-05 06:00:00,84512.5,0.0
2021-02-05 07:00:00,84572.5,0.0
2021-02-05 08:00:00,84632.5,0.0
2021-02-05 09:00:00,84692.5,0.0
2021-02-05 10:00:00,84752.5,0.0
2021-02-05 11:00:00,84812.5,0.0
2021-02-05 12:00:00,84872.5,0.0
2021-02-05 13:00:00,84932.5,0.0
2021-02-05 14:00:00,84992.5,0.0
2021-02-05 15:00:00,85052.5,0.0
2021-02-05 16:00:00,85112.5,0.0
2021-02-05 17:00:00,85172.5,0.0
2021-02-05 18:00:00,85232.5,0.0
2021-02-05 19:00:00,85292.5,0.0
2021-02-05 20:00:00,85352.5,0.0
2021-02-05 21:00:00,85412.5,0.0
2021-02-05 22:00:00,85472.5,0.0
2021-02-05 23:00:00,85532.5,0.0
2021-02-06 00:00:00,85592.5,0.0
2021-02-06 01:00:00,85652.5,0.0
2021-02-06 02:00:00,85712.5,0.0
2021-02-06 03:00:00,85772.5,0.0
2021-02-06 04:00:00,85832.5,0.0
2021-02-06 05:00:00,85892.5,0.0
2021-02-06 06:00:00,85952.5,0.0
2021-02-06 07:00:00,86012.5,0.0
2021-02-06 08:00:00,86072.5,0.0
2021-02-06 09:00:00,86132.5,0.0
2021-02-06 10:00:00,86192.5,0.0
2021-02-06 11:00:00,86252.5,0.0
2021-02-06 12:00:00,86312.5,0.0
2021-02-06 13:00:00,86372.5,0.0
2021-02-06 14:00:00,86432.5,0.0
2021-02-06 15:00:00,86492.5,0.0
2021-02-06 16:00:00,86552.5,0.0
2021-02-06 17:00:00,86612.5,0.0
2021-02-06 18:00:00,86672.5,0.0
2021-02-06 19:00:00,86732.5,0.0
2021-02-06 20:00:00,86792.5,0.0
2021-02-06 21:00:00,86852.5,0.0
2021-02-06 22:00:00,86912.5,0.0
2021-02-06 23:00:00,86972.5,0.0
2021-02-07 00:00:00,87032.5,0.0
2021-02-07 01:00:00,87092.5,0.0
2021-02-07 02:00:00,87152.5,0.0
2021-02-07 03:00:00,87212.5,0.0
2021-02-07 04:00:00,87272.5,0.0
2021-02-07 05:00:00,87332.5,0.0
2021-02-07 06:00:00,87392.5,0.0
2021-02-07 07:00:00,87452.5,0.0
2021-02-07 08:00:00,87512.5,0.0
2021-02-07 09:00:00,87572.5,0.0
2021-02-07 10:00:00,87632.5,0.0
2021-02-07 11:00:00,87692.5,0.0
2021-02-07 12:00:00,87752.5,0.0
2021-02-07 13:00:00,87812.5,0.0
2021-02-07 14:00:00,87872.5,0.0
2021-02-07 15:00:00,87932.5,0.0
2021-02-07 16:00:00,87992.5,0.0
2021-02-07 17:00:00,88052.5,0.0
2021-02-07 18:00:00,88112.5,0.0
2021-02-07 19:00:00,88172.5,0.0
2021-02-07 20:00:00,88232.5,0.0
2021-02-07 21:00:00,88292.5,0.0
2021-02-07 22:00:00,88352.5,0.0
2021-02-07 23:00:00,88412.5,0.0
2021-02-08 00:00:00,88472.5,0.0
2021-02-08 01:00:00,88532.5,0.0
2021-02-08 02:00:00,88592.5,0.0
2021-02-08 03:00:00,88652.5,0.0
2021-02-08 04:00:00,88712.5,0.0
2021-02-08 05:00:00,88772.5,0.0
2021-02-08 06:00:00,88832.5,0.0
2021-02-08 07:00:00,88892.5,0.0
2021-02-08 08:00:00,88952.5,0.0
2021-02-08 09:00:00,89012.5,0.0
2021-02-08 10:00:00,89072.5,0.0
2021-02-08 11:00:00,89119.0,0.0
